{"cameraMode":{"drawMode":0,"name":"Shaded","section":"Shading Mode"},"sceneLighting":true,"audioPlay":false,"sceneViewState":{"showFog":true,"showMaterialUpdate":false,"showSkybox":true,"showFlares":true,"showImageEffects":true,"showParticleSystems":true,"showVisualEffectGraphs":true,"m_FxEnabled":false},"in2DMode":false,"pivot":{"x":411.97381591796877,"y":-1.1068878173828126,"z":453.8666687011719},"rotation":{"x":0.21178682148456574,"y":-0.10098487138748169,"z":0.02247755229473114,"w":0.9718254804611206},"size":300.95025634765627,"orthographic":false}