{"cameraMode":{"drawMode":0,"name":"Shaded","section":"Shading Mode"},"sceneLighting":true,"audioPlay":false,"sceneViewState":{"showFog":true,"showMaterialUpdate":false,"showSkybox":true,"showFlares":true,"showImageEffects":true,"showParticleSystems":true,"showVisualEffectGraphs":true,"m_FxEnabled":false},"in2DMode":false,"pivot":{"x":495.2578430175781,"y":97.28772735595703,"z":159.01174926757813},"rotation":{"x":0.12760832905769349,"y":0.25148001313209536,"z":-0.033470652997493747,"w":0.9588428139686585},"size":3.723146677017212,"orthographic":false}