{"cameraMode":{"drawMode":0,"name":"Shaded","section":"Shading Mode"},"sceneLighting":true,"audioPlay":false,"sceneViewState":{"showFog":true,"showMaterialUpdate":false,"showSkybox":true,"showFlares":true,"showImageEffects":true,"showParticleSystems":true,"showVisualEffectGraphs":true,"m_FxEnabled":false},"in2DMode":false,"pivot":{"x":457.2506408691406,"y":206.32611083984376,"z":-231.00648498535157},"rotation":{"x":0.00030644790967926383,"y":0.12417785823345185,"z":-0.000038285943446680903,"w":0.9922729730606079},"size":81.39410400390625,"orthographic":false}